filename,status,n_tokens,error
daeh-CanQiQi-WuLongZuo.xml,OK,8382,
daeh-LiYanFei-DaBaoGuo.xml,OK,6610,
daeh-LiYanFei-ErJinGong.xml,OK,5626,
daeh-NaRiFeng-YuanXiaoMi.xml,OK,4403,
daeh-NuZiYou-TouJunBieYao.xml,OK,3323,
daeh-SunShangXiang-BieHuangGong.xml,OK,6697,
daeh-TanHongYan-HuoXiaoYu.xml,OK,10101,
daeh-WangChunE-SanNiangJiaoZi.xml,OK,12469,
daeh-WeiKaiYan-DouEYuan.musicxml,OK,17162,
daeh-WuDuanQiao-BiYuZan.xml,OK,14176,
daeh-XiaoNuCai-SanNiangJiaoZi.xml,OK,1803,
daeh-YangYuHuan-TaiZheWaiZhuan.musicxml,OK,2821,
daeh-YiShaShi-SuoLingNang.musicxml,OK,16618,
daeh-ZaoBuXing-HeHouMaDian.xml,OK,6259,
daeh-ZiNaRi-ErJinGong.xml,OK,21832,
daeh-ZiNaRi-ZhuangYuanMei-1.xml,OK,7963,
daeh-ZiNaRi-ZhuangYuanMei-2.xml,OK,11989,
daeh-ZuoChunGui-XiShi.xml,OK,5569,
daeh-ZuoRiGong-TaiZhenWaiChuan.xml,OK,3705,
danbz-BeiJiuChan-ChunGuiMeng.musicxml,OK,6253,
danbz-KanDaWang-BaWangBieJi.musicxml,OK,4464,
daspd-DuShouKong-WangJiangTing.musicxml,OK,2142,
daspd-HaiDaoBing-GuiFeiZuiJiu.musicxml,OK,4003,
daxp-ChenSanLiang-ChenSanLiangPaTang.xml,OK,6439,
daxp-ChunQiuTing-SuoLinNang.xml,OK,8552,
daxp-DangRiLi-SuoLinNang.xml,OK,17849,
daxp-DiTouLi-NvQiJie.xml,OK,2177,
daxp-DuiLingHua-BiYuZan.xml,OK,3711,
daxp-ErDeFu-HongNiGuan.xml,OK,4719,
daxp-ErTingDe-SuoLinNang.xml,OK,13480,
daxp-FeiShiWo-TaoHuaCun.xml,OK,5212,
daxp-GuanShiYin-TianNvSanHua.musicxml,OK,2731,
daxp-JiaoZhangSheng-HongNiang.musicxml,OK,1235,
daxp-LaoDieDie-DaYuShaJia-1.xml,OK,3476,
daxp-LaoDieDie-DaYuShaJia-2.xml,OK,3674,
daxp-LaoDieDie-SanJiZhang-1.xml,OK,5618,
daxp-LaoDieDie-SanJiZhang-2.xml,OK,4640,
daxp-LaoDieDie-YuZhouFeng.xml,OK,4626,
daxp-MengJunZi-ChunQiuPei-1.xml,OK,6493,
daxp-MengJunZi-ChunQiuPei-2.xml,OK,6429,
daxp-MengTingDe-MuGuiYingGuaShuai.xml,OK,2064,
daxp-MuQinBu-FengHuanChao.xml,OK,1536,
daxp-NiDeFu-FenHeWan.xml,OK,2914,
daxp-QiaoLouShang-HuangShanLei.xml,OK,18595,
daxp-SuSanLi-NvQiJie.xml,OK,2029,
daxp-TingTaYan-ZuoGong.xml,OK,2730,
daxp-WoDeNiang-XinAnYi.xml,OK,1808,
daxp-WoHeNi-SangYuanHui.xml,OK,403,
daxp-WoZhuYe-SiLangTanMu.xml,OK,10493,
daxp-XiRiLi-LongFengChengXiang.xml,OK,11449,
daxp-XiRiLiang-LongFengChengXiang.xml,OK,7116,
daxp-XiShiNv-XiShi.xml,OK,11044,
daxp-ZheCaiShi-SuoLinNang.musicxml,OK,1940,
daxp-ZhiJianTa-WangJiangTing.musicxml,OK,5807,
dldeh-ShouBiPo-ChunQiuPei.xml,OK,14083,
lseh-JinZhongXiang-ShangTianTai.xml,OK,3151,
lseh-LaoZhangBu-WuPenJi.xml,OK,7033,
lseh-NiangZiBu-SouGuJiuGu.xml,OK,6993,
lseh-TanXiongDi-SangYuanJiZi.xml,OK,5926,
lseh-TanYangJia-HongYangDong.musicxml,OK,5796,
lseh-TuZeiZuo-SouGuJiuGu.xml,OK,1423,
lseh-WeiGuoJia-HongYangDong-1.xml,OK,5076,
lseh-WeiGuoJia-HongYangDong-2.xml,OK,3752,
lseh-WeiGuoJia-HongYangDong-3.xml,OK,4758,
lseh-WeiKaiYan-RangXuZhou.xml,OK,5037,
lseh-XiRiLi-BaoLianDeng.xml,OK,7101,
lseh-XinZhongYou-WenZhaoGuan.xml,OK,10299,
lseh-XuMaoGong-QinQiongFaPei.xml,OK,1507,
lseh-YangYanZhao-PengBei.xml,OK,1824,
lseh-YiLunMing-WenZhaoGuan-1.xml,OK,28708,
lseh-YiLunMing-WenZhaoGuan-2.xml,OK,14419,
lseh-YiLunMing-ZhuoFangCao-1.xml,OK,21850,
lseh-YiLunMing-ZhuoFangCao-2.xml,OK,11091,
lseh-YiLunMing-ZhuoFangSuDian.xml,OK,7334,
lseh-ZenNengGou-BaDaChui.xml,OK,1354,
lseh-ZiNaRi-HongYangDong.xml,OK,5749,
lsxp-CiShiJian-HuaiHeYing-1.xml,OK,3276,
lsxp-CiShiJian-HuaiHeYing-2.xml,OK,3341,
lsxp-DaHeYi-SiLangTanMu.xml,OK,8143,
lsxp-HenPingWang-WenZhaoGuan.xml,OK,2429,
lsxp-HuaiNanWang-HuaiHeYing.musicxml,OK,591,
lsxp-JianMaSu-ZhanMaSu.xml,OK,815,
lsxp-JiangShenEr-SanJiaDian.xml,OK,4685,
lsxp-LiangGuoJiao-ShiJieTing-1.xml,OK,4010,
lsxp-LiangGuoJiao-ShiJieTing-2.xml,OK,4617,
lsxp-QingGongYan-FaDongWu.xml,OK,1137,
lsxp-ShenGongWu-LongFengChengXiang.xml,OK,3292,
lsxp-TingTaYan-ZhuoFangCao-1.xml,OK,8972,
lsxp-TingTaYan-ZhuoFangCao-2.xml,OK,9168,
lsxp-WeiCengKai-QiYuanBao.xml,OK,2457,
lsxp-WoBenShi-KongChengJi-1.xml,OK,9710,
lsxp-WoBenShi-KongChengJi-2.xml,OK,12128,
lsxp-WoZhengZai-KongChengji.musicxml,OK,7059,
lsxp-WoZhuYe-ZhuiHanXin.xml,OK,4630,
lsxp-XiRiLi-ZhuLianZhai.musicxml,OK,8038,
lsxp-YiMaLi-WuJiaPo.musicxml,OK,6024,
lsxp-YiShiWu-YuCangJian.xml,OK,5016,
lsxp-YiZhuangZhuang-QunYingHui.xml,OK,344,
lsxp-ZhangGongDao-ZhuangYuanPu.xml,OK,5300,
lsxp-ZheYiFeng-DingJunShan.xml,OK,2530,
lsxp-ZiCongQian-ZhuLianZhai.xml,OK,1953,
lsxp-ZiGuDao-HuangHeLou.xml,OK,1593,
lsxp-ZouYingLong-DaYanSong.xml,OK,3193,
lsxp-ZuoRiLi-YuanMenZhanZi.xml,OK,1856,
sdeh-WenSanNiang-SanNiangJiaoZi.xml,OK,3445,
sdxp-DangNianHan-SanJiZhang.xml,OK,3303,
sdxp-SuLongWei-WuJiaPo.xml,OK,12086,
sdxp-WoHeNi-SiLangTanMu.xml,OK,9796,
